{"prior": {"No": 0.7762266186206843, "Yes": 0.22377338137931574}, "labels": ["No", "Yes"], "attr_types": [0, 2, 2, 2, 2, 2, 0, 2, 0, 0, 2, 2, 2, 2, 2, 2, 2, 2, 2, 2, 0], "params": [{"No": {"Penrith": 0.021579402943011857, "Woomera": 0.02538398051412122, "Cairns": 0.01850957183404795, "Nuriootpa": 0.021740443263482095, "Walpole": 0.01714072911005093, "Portland": 0.01694949372949252, "Brisbane": 0.022374539525333654, "Witchcliffe": 0.018761197334782695, "Uluru": 0.0128027054773839, "Sale": 0.02130764740221833, "Cobar": 0.023703122169213116, "Launceston": 0.021176802141836263, "Bendigo": 0.022515449805745113, "Melbourne": 0.01634559252772913, "Sydney": 0.022153109084687077, "Hobart": 0.022132979044628298, "Tuggeranong": 0.02206252390442257, "Newcastle": 0.019858284517986192, "AliceSprings": 0.025424240594238784, "Canberra": 0.02557521589467963, "Nhil": 0.01199750387503271, "Adelaide": 0.02197193872415806, "Wollongong": 0.02056283592004348, "GoldCoast": 0.019767699337721684, "Perth": 0.023089155947420337, "Watsonia": 0.020431990659661413, "MountGambier": 0.018962497735370492, "NorahHead": 0.01917386315598768, "Ballarat": 0.020411860619602634, "Albury": 0.021891418563922942, "SalmonGums": 0.022394669565392437, "PerthAirport": 0.021941743664069892, "MountGinini": 0.018781327374841474, "Townsville": 0.02274694526642108, "Darwin": 0.02116673712180687, "Mildura": 0.024608973971858204, "Richmond": 0.021559272902953078, "CoffsHarbour": 0.018831652474988424, "Moree": 0.022283954345069145, "MelbourneAirport": 0.0213378424623065, "SydneyAirport": 0.020160235118867886, "WaggaWagga": 0.02199206876421684, "Katherine": 0.011604968093886506, "BadgerysCreek": 0.021478752742717957, "PearceRAAF": 0.02061316102019043, "Dartmoor": 0.0183585965336071, "Williamtown": 0.016879038589286792, "Albany": 0.019063147935664392, "NorfolkIsland": 0.01843911669384222}, "Yes": {"Penrith": 0.019144261952087037, "Woomera": 0.006346549499598982, "Cairns": 0.02915228231683928, "Nuriootpa": 0.01837709662795969, "Walpole": 0.02991944764096663, "Portland": 0.03417372807476375, "Brisbane": 0.02263137706175681, "Witchcliffe": 0.027234369006520907, "Uluru": 0.003626599714056561, "Sale": 0.020155525333891273, "Cobar": 0.012030547128360707, "Launceston": 0.02214318094640304, "Bendigo": 0.01743557554834885, "Melbourne": 0.02001604072950448, "Sydney": 0.02699027094884402, "Hobart": 0.02364264044356104, "Tuggeranong": 0.018272483174669597, "Newcastle": 0.02291034627053039, "AliceSprings": 0.007532168636886704, "Canberra": 0.019667329218537505, "Nhil": 0.007567039787983401, "Adelaide": 0.021654984831049273, "Wollongong": 0.021933954039822855, "GoldCoast": 0.02440980576768839, "Perth": 0.02019039648498797, "Watsonia": 0.02353802699027095, "MountGambier": 0.028559472748195418, "NorahHead": 0.02489800188304216, "Ballarat": 0.0242703211633016, "Albury": 0.01928374655647383, "SalmonGums": 0.014924852669386616, "PerthAirport": 0.017819158210412526, "MountGinini": 0.025769780660459603, "Townsville": 0.01593611605119085, "Darwin": 0.026606688286780346, "Mildura": 0.010112633818042333, "Richmond": 0.017958642814799315, "CoffsHarbour": 0.027862049726261464, "Moree": 0.012414129790424382, "MelbourneAirport": 0.020748334902535134, "SydneyAirport": 0.023747253896851134, "WaggaWagga": 0.016319698713254525, "Katherine": 0.008229591658820657, "BadgerysCreek": 0.01865606583673327, "PearceRAAF": 0.016459183317641315, "Dartmoor": 0.028698957352582207, "Williamtown": 0.022178052097499738, "Albany": 0.028838441956969, "NorfolkIsland": 0.02901279771245249}}, {"No": {"mu": 11.895135610525356, "sigma": 6.396570795668106}, "Yes": {"mu": 13.179646670413039, "sigma": 6.302031495558059}}, {"No": {"mu": 23.835861470463577, "sigma": 7.053718172980767}, "Yes": {"mu": 21.116992091818883, "sigma": 6.902764005308265}}, {"No": {"mu": 1.2654644243732829, "sigma": 5.257386116517848}, "Yes": {"mu": 6.1106138472519635, "sigma": 14.279637613554975}}, {"No": {"mu": 5.732941052852789, "sigma": 4.295660142837034}, "Yes": {"mu": 4.534299094598814, "sigma": 3.4981371115729027}}, {"No": {"mu": 8.541567998763835, "sigma": 3.3816027309338104}, "Yes": {"mu": 4.488220850753202, "sigma": 3.357966797652486}}, {"No": {"E": 0.07018586013169288, "SW": 0.0633897827268883, "SE": 0.06866555244558104, "WSW": 0.06215138639979058, "NNW": 0.0426088882624192, "N": 0.06002698294436278, "SSE": 0.06558466402206964, "ESE": 0.05515394373854735, "S": 0.062836028271682, "W": 0.06484968083606854, "NW": 0.051922031372706956, "NE": 0.0522744205714746, "NaN": 1.0068262821932704e-05, "WNW": 0.05231469362276233, "NNE": 0.044823906083244394, "ENE": 0.06091299007269286, "SSW": 0.06081230744447353}, "Yes": {"E": 0.042276138942223776, "SW": 0.0564147320649328, "SE": 0.053901204398673415, "WSW": 0.06584046081340549, "NNW": 0.058369698027578985, "N": 0.07624367254320126, "SSE": 0.055611799615988826, "ESE": 0.03749345435503578, "S": 0.06287310176296038, "W": 0.08277186245418049, "NW": 0.07135625763658579, "NE": 0.04164775702565893, "NaN": 3.491010647582475e-05, "WNW": 0.07072787572002094, "NNE": 0.046989003316460116, "ENE": 0.03962297085006109, "SSW": 0.05973119218013615}}, {"No": {"mu": 38.29080904829835, "sigma": 12.418031527488255}, "Yes": {"mu": 45.911297039448776, "sigma": 15.648980496473609}}, {"No": {"SE": 0.06950121825980145, "E": 0.06981333440728137, "S": 0.06196008940617386, "WSW": 0.04670667123094581, "N": 0.07165582650369505, "NNE": 0.052405307988159726, "SSW": 0.05259660498177644, "ESE": 0.05842612915567548, "SSE": 0.06679285556070155, "WNW": 0.047733634038782946, "NaN": 1.0068262821932704e-05, "W": 0.05507339763597189, "NE": 0.053986025251203155, "NNW": 0.04941503393004571, "SW": 0.057207869354221626, "NW": 0.0559392682386581, "ENE": 0.057509917238879604}, "Yes": {"SE": 0.04622098097399197, "E": 0.04119392564147321, "S": 0.0528888113108745, "WSW": 0.05292372141735032, "N": 0.11014138593122709, "NNE": 0.06783033688252749, "SSW": 0.0520509687554547, "ESE": 0.034561005411066506, "SSE": 0.04967708151509862, "WNW": 0.06126723686507244, "NaN": 3.491010647582475e-05, "W": 0.06800488741490661, "NE": 0.04887414906615465, "NNW": 0.07624367254320126, "SW": 0.06025484377727352, "NW": 0.07516145924245068, "ENE": 0.04238086926165125}}, {"No": {"ENE": 0.05768107770685246, "NNW": 0.050502406314814445, "ESE": 0.06308773484223032, "WSW": 0.06559473228489157, "SE": 0.07818006081230744, "NE": 0.05991623205332152, "SW": 0.0670848351825376, "NW": 0.0554459233603834, "SSE": 0.06666196814401643, "S": 0.0683433680352792, "SSW": 0.056170838283562556, "W": 0.06669217293248222, "WNW": 0.05697629930931717, "N": 0.0570165723606049, "NNE": 0.04407885463442138, "E": 0.06248363907291436, "NaN": 1.0068262821932704e-05}, "Yes": {"ENE": 0.04311398149764357, "NNW": 0.06933147146098796, "ESE": 0.044650026182579856, "WSW": 0.06584046081340549, "SE": 0.06367603421190435, "NE": 0.048525048001396405, "SW": 0.05707802408797347, "NW": 0.07442834700645837, "SSE": 0.05519287833827893, "S": 0.06514225868388898, "SSW": 0.05620527142607785, "W": 0.0794204922325013, "WNW": 0.07568511083958807, "N": 0.07551056030720894, "NNE": 0.04901378949205795, "E": 0.04419619479839414, "NaN": 3.491010647582475e-05}}, {"No": {"mu": 13.558034172406087, "sigma": 8.633756741743131}, "Yes": {"mu": 15.501482946119625, "sigma": 9.600722856783834}}, {"No": {"mu": 18.221989979405528, "sigma": 8.45232243803259}, "Yes": {"mu": 20.063689264931632, "sigma": 9.776850410010017}}, {"No": {"mu": 66.2149794355988, "sigma": 19.008472648467173}, "Yes": {"mu": 77.95762591461249, "sigma": 16.117496121659315}}, {"No": {"mu": 46.486525788187244, "sigma": 18.483317415677995}, "Yes": {"mu": 68.7856242572653, "sigma": 19.04602987514027}}, {"No": {"mu": 1018.6051255989547, "sigma": 6.759732233686046}, "Yes": {"mu": 1014.3981556106634, "sigma": 7.307941496778303}}, {"No": {"mu": 1016.1228825722899, "sigma": 6.707430262652184}, "Yes": {"mu": 1012.3030191458025, "sigma": 7.330240809464386}}, {"No": {"mu": 3.9305885241876073, "sigma": 2.8787962763106774},